source_year,target_year,n_citations,n_available_papers,citations_per_available_paper
2017,1951,1,6,0.16666666666666666
2017,1956,1,10,0.1
2017,1977,1,21,0.047619047619047616
2017,1985,1,30,0.03333333333333333
2017,1988,1,47,0.02127659574468085
2017,1989,7,53,0.1320754716981132
2017,1991,2,53,0.03773584905660377
2017,1992,3,87,0.034482758620689655
2017,1993,2,85,0.023529411764705882
2017,1994,1,97,0.010309278350515464
2017,1995,3,99,0.030303030303030304
2017,1996,2,108,0.018518518518518517
2017,1997,4,106,0.03773584905660377
2017,1998,5,127,0.03937007874015748
2017,1999,4,136,0.029411764705882353
2017,2000,1,189,0.005291005291005291
2017,2001,2,189,0.010582010582010581
2017,2002,5,199,0.02512562814070352
2017,2003,1,222,0.0045045045045045045
2017,2004,7,261,0.02681992337164751
2017,2005,10,292,0.03424657534246575
2017,2006,21,301,0.06976744186046512
2017,2007,13,346,0.03757225433526012
2017,2008,9,376,0.023936170212765957
2017,2009,19,462,0.04112554112554113
2017,2010,17,492,0.034552845528455285
2017,2011,27,560,0.048214285714285716
2017,2012,27,673,0.04011887072808321
2017,2013,43,807,0.05328376703841388
2017,2014,75,1049,0.07149666348903717
2017,2015,101,1520,0.06644736842105263
2017,2016,70,2276,0.030755711775043937
2017,2017,16,3445,0.0046444121915820025
2018,1911,1,2,0.5
2018,1936,1,3,0.3333333333333333
2018,1952,1,9,0.1111111111111111
2018,1957,1,10,0.1
2018,1965,1,15,0.06666666666666667
2018,1967,4,21,0.19047619047619047
2018,1969,1,20,0.05
2018,1971,1,19,0.05263157894736842
2018,1977,1,21,0.047619047619047616
2018,1978,1,18,0.05555555555555555
2018,1980,1,27,0.037037037037037035
2018,1983,1,30,0.03333333333333333
2018,1985,1,30,0.03333333333333333
2018,1986,2,28,0.07142857142857142
2018,1988,2,47,0.0425531914893617
2018,1989,15,53,0.2830188679245283
2018,1990,3,71,0.04225352112676056
2018,1991,4,53,0.07547169811320754
2018,1992,7,87,0.08045977011494253
2018,1993,8,85,0.09411764705882353
2018,1994,6,97,0.061855670103092786
2018,1995,5,99,0.050505050505050504
2018,1996,6,108,0.05555555555555555
2018,1997,9,106,0.08490566037735849
2018,1998,7,127,0.05511811023622047
2018,1999,3,136,0.022058823529411766
2018,2000,5,189,0.026455026455026454
2018,2001,6,189,0.031746031746031744
2018,2002,4,199,0.020100502512562814
2018,2003,3,222,0.013513513513513514
2018,2004,4,261,0.01532567049808429
2018,2005,13,292,0.04452054794520548
2018,2006,34,301,0.11295681063122924
2018,2007,9,346,0.02601156069364162
2018,2008,10,376,0.026595744680851064
2018,2009,58,462,0.12554112554112554
2018,2010,33,492,0.06707317073170732
2018,2011,27,560,0.048214285714285716
2018,2012,49,673,0.07280832095096583
2018,2013,81,807,0.10037174721189591
2018,2014,235,1049,0.22402287893231648
2018,2015,309,1520,0.20328947368421052
2018,2016,410,2276,0.18014059753954306
2018,2017,407,3445,0.1181422351233672
2018,2018,131,5022,0.026085225009956192
2019,1906,1,1,1.0
2019,1951,1,6,0.16666666666666666
2019,1952,1,9,0.1111111111111111
2019,1957,1,10,0.1
2019,1960,3,10,0.3
2019,1961,1,6,0.16666666666666666
2019,1962,2,7,0.2857142857142857
2019,1966,1,12,0.08333333333333333
2019,1969,1,20,0.05
2019,1970,1,21,0.047619047619047616
2019,1972,2,23,0.08695652173913043
2019,1973,1,15,0.06666666666666667
2019,1975,1,19,0.05263157894736842
2019,1977,1,21,0.047619047619047616
2019,1979,1,24,0.041666666666666664
2019,1980,3,27,0.1111111111111111
2019,1981,1,22,0.045454545454545456
2019,1983,2,30,0.06666666666666667
2019,1985,3,30,0.1
2019,1986,1,28,0.03571428571428571
2019,1987,1,40,0.025
2019,1988,5,47,0.10638297872340426
2019,1989,20,53,0.37735849056603776
2019,1990,2,71,0.028169014084507043
2019,1991,5,53,0.09433962264150944
2019,1992,13,87,0.14942528735632185
2019,1993,8,85,0.09411764705882353
2019,1994,7,97,0.07216494845360824
2019,1995,10,99,0.10101010101010101
2019,1996,6,108,0.05555555555555555
2019,1997,18,106,0.16981132075471697
2019,1998,21,127,0.16535433070866143
2019,1999,8,136,0.058823529411764705
2019,2000,26,189,0.13756613756613756
2019,2001,20,189,0.10582010582010581
2019,2002,17,199,0.08542713567839195
2019,2003,17,222,0.07657657657657657
2019,2004,22,261,0.0842911877394636
2019,2005,38,292,0.13013698630136986
2019,2006,76,301,0.25249169435215946
2019,2007,27,346,0.07803468208092486
2019,2008,58,376,0.15425531914893617
2019,2009,111,462,0.24025974025974026
2019,2010,74,492,0.15040650406504066
2019,2011,60,560,0.10714285714285714
2019,2012,123,673,0.1827637444279346
2019,2013,210,807,0.26022304832713755
2019,2014,473,1049,0.45090562440419446
2019,2015,826,1520,0.5434210526315789
2019,2016,923,2276,0.4055360281195079
2019,2017,1134,3445,0.32917271407837445
2019,2018,1049,5022,0.20888092393468738
2019,2019,543,6767,0.0802423525934683
2020,1881,1,1,1.0
2020,1893,1,1,1.0
2020,1920,1,2,0.5
2020,1927,1,3,0.3333333333333333
2020,1938,1,3,0.3333333333333333
2020,1942,1,1,1.0
2020,1943,1,3,0.3333333333333333
2020,1946,1,4,0.25
2020,1948,3,4,0.75
2020,1949,2,5,0.4
2020,1950,2,5,0.4
2020,1951,4,6,0.6666666666666666
2020,1952,1,9,0.1111111111111111
2020,1954,1,6,0.16666666666666666
2020,1956,2,10,0.2
2020,1957,1,10,0.1
2020,1958,1,7,0.14285714285714285
2020,1961,1,6,0.16666666666666666
2020,1962,3,7,0.42857142857142855
2020,1964,2,14,0.14285714285714285
2020,1965,7,15,0.4666666666666667
2020,1966,5,12,0.4166666666666667
2020,1967,3,21,0.14285714285714285
2020,1969,2,20,0.1
2020,1970,2,21,0.09523809523809523
2020,1971,4,19,0.21052631578947367
2020,1972,2,23,0.08695652173913043
2020,1974,1,13,0.07692307692307693
2020,1975,3,19,0.15789473684210525
2020,1976,3,19,0.15789473684210525
2020,1977,1,21,0.047619047619047616
2020,1979,2,24,0.08333333333333333
2020,1980,6,27,0.2222222222222222
2020,1981,2,22,0.09090909090909091
2020,1982,6,26,0.23076923076923078
2020,1983,9,30,0.3
2020,1984,5,23,0.21739130434782608
2020,1985,7,30,0.23333333333333334
2020,1986,6,28,0.21428571428571427
2020,1987,4,40,0.1
2020,1988,12,47,0.2553191489361702
2020,1989,45,53,0.8490566037735849
2020,1990,19,71,0.2676056338028169
2020,1991,9,53,0.16981132075471697
2020,1992,24,87,0.27586206896551724
2020,1993,18,85,0.21176470588235294
2020,1994,23,97,0.23711340206185566
2020,1995,28,99,0.2828282828282828
2020,1996,26,108,0.24074074074074073
2020,1997,55,106,0.5188679245283019
2020,1998,36,127,0.28346456692913385
2020,1999,33,136,0.2426470588235294
2020,2000,43,189,0.2275132275132275
2020,2001,36,189,0.19047619047619047
2020,2002,45,199,0.22613065326633167
2020,2003,49,222,0.22072072072072071
2020,2004,43,261,0.16475095785440613
2020,2005,80,292,0.273972602739726
2020,2006,134,301,0.44518272425249167
2020,2007,50,346,0.14450867052023122
2020,2008,94,376,0.25
2020,2009,265,462,0.5735930735930735
2020,2010,112,492,0.22764227642276422
2020,2011,142,560,0.25357142857142856
2020,2012,187,673,0.27786032689450224
2020,2013,337,807,0.41759603469640644
2020,2014,821,1049,0.782650142993327
2020,2015,1357,1520,0.8927631578947368
2020,2016,1600,2276,0.70298769771529
2020,2017,2170,3445,0.6298984034833092
2020,2018,2555,5022,0.5087614496216647
2020,2019,3604,6767,0.5325846017437564
2020,2020,1181,8355,0.14135248354278876
2021,1868,1,1,1.0
2021,1893,2,1,2.0
2021,1896,1,1,1.0
2021,1901,1,1,1.0
2021,1908,1,1,1.0
2021,1926,1,1,1.0
2021,1927,1,3,0.3333333333333333
2021,1933,1,4,0.25
2021,1938,2,3,0.6666666666666666
2021,1940,1,2,0.5
2021,1948,1,4,0.25
2021,1949,1,5,0.2
2021,1950,1,5,0.2
2021,1951,4,6,0.6666666666666666
2021,1952,3,9,0.3333333333333333
2021,1953,4,9,0.4444444444444444
2021,1954,3,6,0.5
2021,1955,6,3,2.0
2021,1959,2,4,0.5
2021,1960,1,10,0.1
2021,1961,1,6,0.16666666666666666
2021,1962,2,7,0.2857142857142857
2021,1963,1,5,0.2
2021,1964,2,14,0.14285714285714285
2021,1965,8,15,0.5333333333333333
2021,1966,1,12,0.08333333333333333
2021,1967,4,21,0.19047619047619047
2021,1968,2,8,0.25
2021,1969,8,20,0.4
2021,1970,3,21,0.14285714285714285
2021,1971,3,19,0.15789473684210525
2021,1972,1,23,0.043478260869565216
2021,1973,3,15,0.2
2021,1974,2,13,0.15384615384615385
2021,1975,6,19,0.3157894736842105
2021,1976,3,19,0.15789473684210525
2021,1977,3,21,0.14285714285714285
2021,1978,1,18,0.05555555555555555
2021,1979,2,24,0.08333333333333333
2021,1980,1,27,0.037037037037037035
2021,1981,5,22,0.22727272727272727
2021,1982,3,26,0.11538461538461539
2021,1983,6,30,0.2
2021,1984,1,23,0.043478260869565216
2021,1985,7,30,0.23333333333333334
2021,1986,3,28,0.10714285714285714
2021,1987,7,40,0.175
2021,1988,9,47,0.19148936170212766
2021,1989,53,53,1.0
2021,1990,19,71,0.2676056338028169
2021,1991,13,53,0.24528301886792453
2021,1992,15,87,0.1724137931034483
2021,1993,13,85,0.15294117647058825
2021,1994,15,97,0.15463917525773196
2021,1995,19,99,0.1919191919191919
2021,1996,19,108,0.17592592592592593
2021,1997,38,106,0.3584905660377358
2021,1998,47,127,0.3700787401574803
2021,1999,35,136,0.25735294117647056
2021,2000,49,189,0.25925925925925924
2021,2001,44,189,0.2328042328042328
2021,2002,57,199,0.2864321608040201
2021,2003,63,222,0.28378378378378377
2021,2004,65,261,0.24904214559386972
2021,2005,90,292,0.3082191780821918
2021,2006,167,301,0.5548172757475083
2021,2007,68,346,0.19653179190751446
2021,2008,118,376,0.31382978723404253
2021,2009,303,462,0.6558441558441559
2021,2010,106,492,0.21544715447154472
2021,2011,173,560,0.30892857142857144
2021,2012,225,673,0.3343239227340267
2021,2013,361,807,0.4473358116480793
2021,2014,940,1049,0.8960915157292659
2021,2015,1556,1520,1.0236842105263158
2021,2016,1657,2276,0.7280316344463972
2021,2017,2351,3445,0.6824383164005805
2021,2018,2705,5022,0.5386300278773397
2021,2019,4583,6767,0.6772572779666026
2021,2020,3335,8355,0.39916217833632556
2021,2021,1217,8833,0.13777878410506056
2022,1870,1,1,1.0
2022,1873,1,1,1.0
2022,1889,1,2,0.5
2022,1893,1,1,1.0
2022,1901,1,1,1.0
2022,1928,1,1,1.0
2022,1931,1,2,0.5
2022,1933,1,4,0.25
2022,1934,1,2,0.5
2022,1936,1,3,0.3333333333333333
2022,1937,1,2,0.5
2022,1938,2,3,0.6666666666666666
2022,1943,1,3,0.3333333333333333
2022,1945,2,2,1.0
2022,1948,1,4,0.25
2022,1949,1,5,0.2
2022,1950,1,5,0.2
2022,1951,5,6,0.8333333333333334
2022,1952,1,9,0.1111111111111111
2022,1953,1,9,0.1111111111111111
2022,1954,2,6,0.3333333333333333
2022,1955,7,3,2.3333333333333335
2022,1956,2,10,0.2
2022,1957,2,10,0.2
2022,1958,4,7,0.5714285714285714
2022,1960,1,10,0.1
2022,1961,1,6,0.16666666666666666
2022,1962,6,7,0.8571428571428571
2022,1964,4,14,0.2857142857142857
2022,1965,3,15,0.2
2022,1966,3,12,0.25
2022,1967,8,21,0.38095238095238093
2022,1969,8,20,0.4
2022,1970,2,21,0.09523809523809523
2022,1971,1,19,0.05263157894736842
2022,1972,2,23,0.08695652173913043
2022,1973,1,15,0.06666666666666667
2022,1974,1,13,0.07692307692307693
2022,1975,6,19,0.3157894736842105
2022,1976,2,19,0.10526315789473684
2022,1977,4,21,0.19047619047619047
2022,1978,3,18,0.16666666666666666
2022,1979,4,24,0.16666666666666666
2022,1980,6,27,0.2222222222222222
2022,1981,5,22,0.22727272727272727
2022,1982,7,26,0.2692307692307692
2022,1983,7,30,0.23333333333333334
2022,1984,2,23,0.08695652173913043
2022,1985,5,30,0.16666666666666666
2022,1986,3,28,0.10714285714285714
2022,1987,11,40,0.275
2022,1988,11,47,0.23404255319148937
2022,1989,43,53,0.8113207547169812
2022,1990,16,71,0.22535211267605634
2022,1991,9,53,0.16981132075471697
2022,1992,22,87,0.25287356321839083
2022,1993,17,85,0.2
2022,1994,25,97,0.25773195876288657
2022,1995,29,99,0.29292929292929293
2022,1996,28,108,0.25925925925925924
2022,1997,37,106,0.3490566037735849
2022,1998,54,127,0.4251968503937008
2022,1999,43,136,0.3161764705882353
2022,2000,40,189,0.21164021164021163
2022,2001,49,189,0.25925925925925924
2022,2002,70,199,0.35175879396984927
2022,2003,49,222,0.22072072072072071
2022,2004,86,261,0.32950191570881227
2022,2005,102,292,0.3493150684931507
2022,2006,187,301,0.6212624584717608
2022,2007,90,346,0.26011560693641617
2022,2008,151,376,0.4015957446808511
2022,2009,389,462,0.841991341991342
2022,2010,154,492,0.3130081300813008
2022,2011,199,560,0.35535714285714287
2022,2012,277,673,0.4115898959881129
2022,2013,379,807,0.46964064436183395
2022,2014,957,1049,0.9122974261201144
2022,2015,1700,1520,1.118421052631579
2022,2016,1809,2276,0.7948154657293497
2022,2017,2549,3445,0.7399129172714078
2022,2018,2730,5022,0.5436081242532855
2022,2019,5013,6767,0.7408009457662185
2022,2020,4996,8355,0.597965290245362
2022,2021,4519,8833,0.5116042114796785
2022,2022,1439,8403,0.17124836367963822
2023,1875,1,1,1.0
2023,1895,2,2,1.0
2023,1901,2,1,2.0
2023,1904,1,1,1.0
2023,1911,1,2,0.5
2023,1912,3,1,3.0
2023,1920,2,2,1.0
2023,1923,1,2,0.5
2023,1927,1,3,0.3333333333333333
2023,1931,1,2,0.5
2023,1933,1,4,0.25
2023,1936,1,3,0.3333333333333333
2023,1938,2,3,0.6666666666666666
2023,1945,1,2,0.5
2023,1948,1,4,0.25
2023,1951,6,6,1.0
2023,1952,1,9,0.1111111111111111
2023,1953,2,9,0.2222222222222222
2023,1954,2,6,0.3333333333333333
2023,1955,2,3,0.6666666666666666
2023,1956,2,10,0.2
2023,1957,4,10,0.4
2023,1958,1,7,0.14285714285714285
2023,1960,2,10,0.2
2023,1962,4,7,0.5714285714285714
2023,1964,2,14,0.14285714285714285
2023,1965,5,15,0.3333333333333333
2023,1966,7,12,0.5833333333333334
2023,1967,4,21,0.19047619047619047
2023,1968,3,8,0.375
2023,1969,4,20,0.2
2023,1970,8,21,0.38095238095238093
2023,1971,5,19,0.2631578947368421
2023,1972,3,23,0.13043478260869565
2023,1973,4,15,0.26666666666666666
2023,1974,1,13,0.07692307692307693
2023,1975,5,19,0.2631578947368421
2023,1976,1,19,0.05263157894736842
2023,1977,6,21,0.2857142857142857
2023,1978,1,18,0.05555555555555555
2023,1979,8,24,0.3333333333333333
2023,1980,5,27,0.18518518518518517
2023,1981,8,22,0.36363636363636365
2023,1982,14,26,0.5384615384615384
2023,1983,6,30,0.2
2023,1984,9,23,0.391304347826087
2023,1985,8,30,0.26666666666666666
2023,1986,11,28,0.39285714285714285
2023,1987,6,40,0.15
2023,1988,12,47,0.2553191489361702
2023,1989,59,53,1.1132075471698113
2023,1990,17,71,0.23943661971830985
2023,1991,23,53,0.4339622641509434
2023,1992,27,87,0.3103448275862069
2023,1993,35,85,0.4117647058823529
2023,1994,23,97,0.23711340206185566
2023,1995,34,99,0.3434343434343434
2023,1996,31,108,0.28703703703703703
2023,1997,49,106,0.46226415094339623
2023,1998,75,127,0.5905511811023622
2023,1999,51,136,0.375
2023,2000,49,189,0.25925925925925924
2023,2001,64,189,0.3386243386243386
2023,2002,73,199,0.36683417085427134
2023,2003,78,222,0.35135135135135137
2023,2004,112,261,0.42911877394636017
2023,2005,106,292,0.363013698630137
2023,2006,184,301,0.6112956810631229
2023,2007,100,346,0.28901734104046245
2023,2008,168,376,0.44680851063829785
2023,2009,430,462,0.9307359307359307
2023,2010,176,492,0.35772357723577236
2023,2011,207,560,0.36964285714285716
2023,2012,239,673,0.3551263001485884
2023,2013,372,807,0.46096654275092935
2023,2014,996,1049,0.9494756911344138
2023,2015,1879,1520,1.2361842105263159
2023,2016,1756,2276,0.7715289982425307
2023,2017,2478,3445,0.7193033381712627
2023,2018,2758,5022,0.5491835921943449
2023,2019,5117,6767,0.7561696468154279
2023,2020,5346,8355,0.6398563734290844
2023,2021,5909,8833,0.6689686403260501
2023,2022,4593,8403,0.5465905033916458
2023,2023,1946,9053,0.21495636805478846
2024,1867,1,2,0.5
2024,1892,1,1,1.0
2024,1901,1,1,1.0
2024,1918,1,1,1.0
2024,1929,1,1,1.0
2024,1931,1,2,0.5
2024,1933,1,4,0.25
2024,1934,1,2,0.5
2024,1936,1,3,0.3333333333333333
2024,1943,1,3,0.3333333333333333
2024,1945,1,2,0.5
2024,1946,2,4,0.5
2024,1947,1,4,0.25
2024,1950,1,5,0.2
2024,1951,8,6,1.3333333333333333
2024,1952,10,9,1.1111111111111112
2024,1953,3,9,0.3333333333333333
2024,1954,2,6,0.3333333333333333
2024,1955,7,3,2.3333333333333335
2024,1956,1,10,0.1
2024,1957,3,10,0.3
2024,1958,1,7,0.14285714285714285
2024,1959,1,4,0.25
2024,1960,1,10,0.1
2024,1961,2,6,0.3333333333333333
2024,1964,2,14,0.14285714285714285
2024,1965,10,15,0.6666666666666666
2024,1966,4,12,0.3333333333333333
2024,1967,8,21,0.38095238095238093
2024,1969,26,20,1.3
2024,1970,6,21,0.2857142857142857
2024,1971,7,19,0.3684210526315789
2024,1972,12,23,0.5217391304347826
2024,1973,3,15,0.2
2024,1974,4,13,0.3076923076923077
2024,1975,3,19,0.15789473684210525
2024,1976,5,19,0.2631578947368421
2024,1977,18,21,0.8571428571428571
2024,1978,6,18,0.3333333333333333
2024,1979,8,24,0.3333333333333333
2024,1980,8,27,0.2962962962962963
2024,1981,9,22,0.4090909090909091
2024,1982,10,26,0.38461538461538464
2024,1983,9,30,0.3
2024,1984,5,23,0.21739130434782608
2024,1985,9,30,0.3
2024,1986,13,28,0.4642857142857143
2024,1987,11,40,0.275
2024,1988,12,47,0.2553191489361702
2024,1989,52,53,0.9811320754716981
2024,1990,15,71,0.2112676056338028
2024,1991,22,53,0.41509433962264153
2024,1992,22,87,0.25287356321839083
2024,1993,30,85,0.35294117647058826
2024,1994,25,97,0.25773195876288657
2024,1995,34,99,0.3434343434343434
2024,1996,25,108,0.23148148148148148
2024,1997,74,106,0.6981132075471698
2024,1998,54,127,0.4251968503937008
2024,1999,51,136,0.375
2024,2000,41,189,0.21693121693121692
2024,2001,36,189,0.19047619047619047
2024,2002,76,199,0.38190954773869346
2024,2003,57,222,0.25675675675675674
2024,2004,116,261,0.4444444444444444
2024,2005,93,292,0.3184931506849315
2024,2006,159,301,0.5282392026578073
2024,2007,91,346,0.2630057803468208
2024,2008,163,376,0.43351063829787234
2024,2009,425,462,0.9199134199134199
2024,2010,156,492,0.3170731707317073
2024,2011,219,560,0.39107142857142857
2024,2012,261,673,0.38781575037147104
2024,2013,373,807,0.46220570012391576
2024,2014,894,1049,0.8522402287893232
2024,2015,1598,1520,1.0513157894736842
2024,2016,1581,2276,0.6946397188049209
2024,2017,2218,3445,0.6438316400580552
2024,2018,2425,5022,0.4828753484667463
2024,2019,4607,6767,0.6808039012856509
2024,2020,4872,8355,0.5831238779174147
2024,2021,5715,8833,0.6470055473791464
2024,2022,5783,8403,0.688206592883494
2024,2023,6786,9053,0.7495857726720424
2024,2024,2496,7403,0.33716061056328517
2025,1779,1,1,1.0
2025,1867,1,2,0.5
2025,1873,1,1,1.0
2025,1877,1,1,1.0
2025,1894,1,1,1.0
2025,1901,1,1,1.0
2025,1905,1,1,1.0
2025,1906,1,1,1.0
2025,1907,1,1,1.0
2025,1909,2,2,1.0
2025,1919,1,1,1.0
2025,1925,1,1,1.0
2025,1931,1,2,0.5
2025,1933,1,4,0.25
2025,1937,1,2,0.5
2025,1940,1,2,0.5
2025,1943,1,3,0.3333333333333333
2025,1945,1,2,0.5
2025,1946,1,4,0.25
2025,1947,4,4,1.0
2025,1949,1,5,0.2
2025,1950,2,5,0.4
2025,1951,5,6,0.8333333333333334
2025,1952,6,9,0.6666666666666666
2025,1953,2,9,0.2222222222222222
2025,1954,2,6,0.3333333333333333
2025,1955,7,3,2.3333333333333335
2025,1956,1,10,0.1
2025,1957,3,10,0.3
2025,1958,2,7,0.2857142857142857
2025,1960,4,10,0.4
2025,1961,1,6,0.16666666666666666
2025,1962,1,7,0.14285714285714285
2025,1963,4,5,0.8
2025,1964,2,14,0.14285714285714285
2025,1965,7,15,0.4666666666666667
2025,1966,2,12,0.16666666666666666
2025,1967,8,21,0.38095238095238093
2025,1968,2,8,0.25
2025,1969,3,20,0.15
2025,1970,5,21,0.23809523809523808
2025,1971,3,19,0.15789473684210525
2025,1972,9,23,0.391304347826087
2025,1973,9,15,0.6
2025,1974,5,13,0.38461538461538464
2025,1975,5,19,0.2631578947368421
2025,1976,6,19,0.3157894736842105
2025,1977,16,21,0.7619047619047619
2025,1978,4,18,0.2222222222222222
2025,1979,6,24,0.25
2025,1980,11,27,0.4074074074074074
2025,1981,12,22,0.5454545454545454
2025,1982,9,26,0.34615384615384615
2025,1983,11,30,0.36666666666666664
2025,1984,5,23,0.21739130434782608
2025,1985,8,30,0.26666666666666666
2025,1986,9,28,0.32142857142857145
2025,1987,12,40,0.3
2025,1988,9,47,0.19148936170212766
2025,1989,37,53,0.6981132075471698
2025,1990,14,71,0.19718309859154928
2025,1991,20,53,0.37735849056603776
2025,1992,24,87,0.27586206896551724
2025,1993,21,85,0.24705882352941178
2025,1994,27,97,0.27835051546391754
2025,1995,30,99,0.30303030303030304
2025,1996,37,108,0.3425925925925926
2025,1997,53,106,0.5
2025,1998,52,127,0.4094488188976378
2025,1999,43,136,0.3161764705882353
2025,2000,54,189,0.2857142857142857
2025,2001,56,189,0.2962962962962963
2025,2002,74,199,0.37185929648241206
2025,2003,64,222,0.2882882882882883
2025,2004,124,261,0.47509578544061304
2025,2005,86,292,0.2945205479452055
2025,2006,156,301,0.5182724252491694
2025,2007,79,346,0.22832369942196531
2025,2008,155,376,0.4122340425531915
2025,2009,340,462,0.7359307359307359
2025,2010,132,492,0.2682926829268293
2025,2011,173,560,0.30892857142857144
2025,2012,222,673,0.3298662704309064
2025,2013,304,807,0.37670384138785623
2025,2014,686,1049,0.6539561487130601
2025,2015,1401,1520,0.9217105263157894
2025,2016,1271,2276,0.5584358523725835
2025,2017,1830,3445,0.5312046444121916
2025,2018,1838,5022,0.36598964555953806
2025,2019,3306,6767,0.48854736219890643
2025,2020,3533,8355,0.42286056253740273
2025,2021,4133,8833,0.46790444922449903
2025,2022,4374,8403,0.520528382720457
2025,2023,6389,9053,0.7057329062189329
2025,2024,6049,7403,0.8171011751992435
2025,2025,1930,3111,0.6203792992606879
2026,1889,1,2,0.5
2026,1902,1,1,1.0
2026,1923,1,2,0.5
2026,1936,1,3,0.3333333333333333
2026,1938,1,3,0.3333333333333333
2026,1946,2,4,0.5
2026,1948,1,4,0.25
2026,1952,2,9,0.2222222222222222
2026,1954,1,6,0.16666666666666666
2026,1958,1,7,0.14285714285714285
2026,1963,1,5,0.2
2026,1964,2,14,0.14285714285714285
2026,1966,2,12,0.16666666666666666
2026,1967,2,21,0.09523809523809523
2026,1968,2,8,0.25
2026,1971,1,19,0.05263157894736842
2026,1972,1,23,0.043478260869565216
2026,1974,1,13,0.07692307692307693
2026,1975,1,19,0.05263157894736842
2026,1976,2,19,0.10526315789473684
2026,1977,4,21,0.19047619047619047
2026,1978,4,18,0.2222222222222222
2026,1980,1,27,0.037037037037037035
2026,1982,2,26,0.07692307692307693
2026,1983,2,30,0.06666666666666667
2026,1984,2,23,0.08695652173913043
2026,1985,4,30,0.13333333333333333
2026,1987,2,40,0.05
2026,1988,5,47,0.10638297872340426
2026,1989,5,53,0.09433962264150944
2026,1990,1,71,0.014084507042253521
2026,1991,7,53,0.1320754716981132
2026,1992,6,87,0.06896551724137931
2026,1993,2,85,0.023529411764705882
2026,1994,2,97,0.020618556701030927
2026,1995,6,99,0.06060606060606061
2026,1996,5,108,0.046296296296296294
2026,1997,8,106,0.07547169811320754
2026,1998,10,127,0.07874015748031496
2026,1999,2,136,0.014705882352941176
2026,2000,9,189,0.047619047619047616
2026,2001,6,189,0.031746031746031744
2026,2002,15,199,0.07537688442211055
2026,2003,13,222,0.05855855855855856
2026,2004,24,261,0.09195402298850575
2026,2005,13,292,0.04452054794520548
2026,2006,25,301,0.08305647840531562
2026,2007,12,346,0.03468208092485549
2026,2008,11,376,0.02925531914893617
2026,2009,50,462,0.10822510822510822
2026,2010,21,492,0.042682926829268296
2026,2011,22,560,0.039285714285714285
2026,2012,30,673,0.04457652303120357
2026,2013,55,807,0.06815365551425032
2026,2014,94,1049,0.08960915157292659
2026,2015,231,1520,0.15197368421052632
2026,2016,208,2276,0.0913884007029877
2026,2017,269,3445,0.07808417997097242
2026,2018,299,5022,0.059538032656312224
2026,2019,526,6767,0.07773016107580907
2026,2020,534,8355,0.06391382405745062
2026,2021,545,8833,0.06170044152609532
2026,2022,553,8403,0.06580982982268238
2026,2023,905,9053,0.0999668618137634
2026,2024,961,7403,0.12981223828177765
2026,2025,718,3111,0.2307939569270331
2026,2026,42,222,0.1891891891891892
