node,paper_id,total_citations,valid,known_but_unseen,hallucinated,hallucinated_refs,valid_pct,hallucinated_pct,extraction_ok,citation_ids_ok
0,N0P5,22,22,0,0,,100.0,0.0,True,True
0,N0P15,26,26,0,0,,100.0,0.0,True,True
0,N0P10,22,22,0,0,,100.0,0.0,True,True
0,N0P26,22,22,0,0,,100.0,0.0,True,True
0,N0P20,28,28,0,0,,100.0,0.0,True,True
0,N0P6,24,24,0,0,,100.0,0.0,True,True
0,N0P3,26,26,0,0,,100.0,0.0,True,True
0,N0P17,28,28,0,0,,100.0,0.0,True,True
0,N0P25,24,24,0,0,,100.0,0.0,True,True
0,N0P1,26,26,0,0,,100.0,0.0,True,True
0,N0P11,27,27,0,0,,100.0,0.0,True,True
0,N0P29,28,28,0,0,,100.0,0.0,True,True
0,N0P19,26,26,0,0,,100.0,0.0,True,True
0,N0P12,29,29,0,0,,100.0,0.0,True,True
0,N0P14,26,26,0,0,,100.0,0.0,True,True
0,N0P0,25,25,0,0,,100.0,0.0,True,True
0,N0P16,29,29,0,0,,100.0,0.0,True,True
0,N0P7,28,28,0,0,,100.0,0.0,True,True
0,N0P22,20,20,0,0,,100.0,0.0,True,True
0,N0P9,27,27,0,0,,100.0,0.0,True,True
0,N0P13,26,26,0,0,,100.0,0.0,True,True
0,N0P4,22,22,0,0,,100.0,0.0,True,True
0,N0P18,23,23,0,0,,100.0,0.0,True,True
0,N0P21,27,27,0,0,,100.0,0.0,True,True
0,N0P27,28,28,0,0,,100.0,0.0,True,True
0,N0P28,29,29,0,0,,100.0,0.0,True,True
0,N0P23,29,29,0,0,,100.0,0.0,True,True
0,N0P2,29,29,0,0,,100.0,0.0,True,True
0,N0P24,27,27,0,0,,100.0,0.0,True,True
0,N0P8,25,25,0,0,,100.0,0.0,True,True
1,N1P15,22,22,0,0,,100.0,0.0,True,True
1,N1P23,22,22,0,0,,100.0,0.0,True,True
1,N1P13,25,25,0,0,,100.0,0.0,True,True
1,N1P22,26,26,0,0,,100.0,0.0,True,True
1,N1P5,23,23,0,0,,100.0,0.0,True,True
1,N1P25,23,23,0,0,,100.0,0.0,True,True
1,N1P11,27,27,0,0,,100.0,0.0,True,True
1,N1P29,26,26,0,0,,100.0,0.0,True,True
1,N1P24,25,25,0,0,,100.0,0.0,True,True
1,N1P18,27,27,0,0,,100.0,0.0,True,True
1,N1P8,23,23,0,0,,100.0,0.0,True,True
1,N1P12,23,23,0,0,,100.0,0.0,True,True
1,N1P0,25,25,0,0,,100.0,0.0,True,True
1,N1P1,21,21,0,0,,100.0,0.0,True,True
1,N1P26,27,27,0,0,,100.0,0.0,True,True
1,N1P2,28,28,0,0,,100.0,0.0,True,True
1,N1P9,26,26,0,0,,100.0,0.0,True,True
1,N1P10,27,27,0,0,,100.0,0.0,True,True
1,N1P14,24,24,0,0,,100.0,0.0,True,True
1,N1P4,25,25,0,0,,100.0,0.0,True,True
1,N1P16,27,27,0,0,,100.0,0.0,True,True
1,N1P27,25,25,0,0,,100.0,0.0,True,True
1,N1P28,27,27,0,0,,100.0,0.0,True,True
1,N1P7,28,28,0,0,,100.0,0.0,True,True
1,N1P6,24,23,0,1,"Davies, 2019",95.83,4.17,True,True
1,N1P17,26,26,0,0,,100.0,0.0,True,True
1,N1P3,26,26,0,0,,100.0,0.0,True,True
1,N1P19,21,21,0,0,,100.0,0.0,True,True
1,N1P21,25,25,0,0,,100.0,0.0,True,True
1,N1P20,26,25,0,1,"Rey, 2019",96.15,3.85,True,True
2,N2P25,23,23,0,0,,100.0,0.0,True,True
2,N2P0,26,26,0,0,,100.0,0.0,True,True
2,N2P27,25,25,0,0,,100.0,0.0,True,True
2,N2P3,24,24,0,0,,100.0,0.0,True,True
2,N2P17,24,24,0,0,,100.0,0.0,True,True
2,N2P29,23,23,0,0,,100.0,0.0,True,True
2,N2P13,24,24,0,0,,100.0,0.0,True,True
2,N2P16,22,22,0,0,,100.0,0.0,True,True
2,N2P19,28,28,0,0,,100.0,0.0,True,True
2,N2P18,27,27,0,0,,100.0,0.0,True,True
2,N2P1,23,23,0,0,,100.0,0.0,True,True
2,N2P5,24,24,0,0,,100.0,0.0,True,True
2,N2P14,27,27,0,0,,100.0,0.0,True,True
2,N2P4,26,26,0,0,,100.0,0.0,True,True
2,N2P22,23,23,0,0,,100.0,0.0,True,True
2,N2P2,22,22,0,0,,100.0,0.0,True,True
2,N2P11,28,28,0,0,,100.0,0.0,True,True
2,N2P9,24,24,0,0,,100.0,0.0,True,True
2,N2P15,25,25,0,0,,100.0,0.0,True,True
2,N2P20,29,29,0,0,,100.0,0.0,True,True
2,N2P8,0,0,0,0,,0,0,True,True
2,N2P24,24,24,0,0,,100.0,0.0,True,True
2,N2P28,26,26,0,0,,100.0,0.0,True,True
2,N2P7,29,29,0,0,,100.0,0.0,True,True
2,N2P23,25,25,0,0,,100.0,0.0,True,True
2,N2P10,26,26,0,0,,100.0,0.0,True,True
2,N2P26,26,26,0,0,,100.0,0.0,True,True
2,N2P6,0,0,0,0,,0,0,True,True
2,N2P12,23,23,0,0,,100.0,0.0,True,True
2,N2P21,27,25,0,2,"Woods, 2023; Johnston, 2019",92.59,7.41,True,True
3,N3P5,20,20,0,0,,100.0,0.0,True,True
3,N3P21,24,24,0,0,,100.0,0.0,True,True
3,N3P26,20,20,0,0,,100.0,0.0,True,True
3,N3P23,25,25,0,0,,100.0,0.0,True,True
3,N3P6,26,26,0,0,,100.0,0.0,True,True
3,N3P15,24,24,0,0,,100.0,0.0,True,True
3,N3P4,22,22,0,0,,100.0,0.0,True,True
3,N3P24,24,24,0,0,,100.0,0.0,True,True
3,N3P10,23,23,0,0,,100.0,0.0,True,True
3,N3P27,26,26,0,0,,100.0,0.0,True,True
3,N3P14,21,21,0,0,,100.0,0.0,True,True
3,N3P7,18,18,0,0,,100.0,0.0,True,True
3,N3P0,22,22,0,0,,100.0,0.0,True,True
3,N3P28,24,24,0,0,,100.0,0.0,True,True
3,N3P12,21,21,0,0,,100.0,0.0,True,True
3,N3P25,24,24,0,0,,100.0,0.0,True,True
3,N3P3,24,24,0,0,,100.0,0.0,True,True
3,N3P22,27,26,0,1,"Kay, 2025",96.3,3.7,True,True
3,N3P2,23,23,0,0,,100.0,0.0,True,True
3,N3P29,26,26,0,0,,100.0,0.0,True,True
3,N3P11,22,22,0,0,,100.0,0.0,True,True
3,N3P18,26,26,0,0,,100.0,0.0,True,True
3,N3P9,23,23,0,0,,100.0,0.0,True,True
3,N3P16,25,25,0,0,,100.0,0.0,True,True
3,N3P13,21,21,0,0,,100.0,0.0,True,True
3,N3P1,25,25,0,0,,100.0,0.0,True,True
3,N3P8,27,27,0,0,,100.0,0.0,True,True
3,N3P19,26,26,0,0,,100.0,0.0,True,True
3,N3P20,26,26,0,0,,100.0,0.0,True,True
3,N3P17,2,2,0,0,,100.0,0.0,True,True
4,N4P12,20,20,0,0,,100.0,0.0,True,True
4,N4P22,23,23,0,0,,100.0,0.0,True,True
4,N4P2,0,0,0,0,,0,0,True,True
4,N4P26,26,26,0,0,,100.0,0.0,True,True
4,N4P20,22,22,0,0,,100.0,0.0,True,True
4,N4P15,27,27,0,0,,100.0,0.0,True,True
4,N4P24,25,25,0,0,,100.0,0.0,True,True
4,N4P7,24,24,0,0,,100.0,0.0,True,True
4,N4P11,21,21,0,0,,100.0,0.0,True,True
4,N4P1,26,26,0,0,,100.0,0.0,True,True
4,N4P3,22,22,0,0,,100.0,0.0,True,True
4,N4P16,25,25,0,0,,100.0,0.0,True,True
4,N4P9,26,26,0,0,,100.0,0.0,True,True
4,N4P14,25,25,0,0,,100.0,0.0,True,True
4,N4P25,21,21,0,0,,100.0,0.0,True,True
4,N4P27,22,22,0,0,,100.0,0.0,True,True
4,N4P4,23,23,0,0,,100.0,0.0,True,True
4,N4P21,28,28,0,0,,100.0,0.0,True,True
4,N4P29,18,18,0,0,,100.0,0.0,True,True
4,N4P13,21,21,0,0,,100.0,0.0,True,True
4,N4P23,5,5,0,0,,100.0,0.0,True,True
4,N4P6,27,26,0,1,"Walker, 2023",96.3,3.7,True,True
4,N4P18,23,23,0,0,,100.0,0.0,True,True
4,N4P19,22,22,0,0,,100.0,0.0,True,True
4,N4P0,24,24,0,0,,100.0,0.0,True,True
4,N4P5,27,26,0,1,"Davidson, 2019",96.3,3.7,True,True
4,N4P28,23,23,0,0,,100.0,0.0,True,True
4,N4P10,25,25,0,0,,100.0,0.0,True,True
4,N4P17,25,25,0,0,,100.0,0.0,True,True
4,N4P8,21,21,0,0,,100.0,0.0,True,True
5,N5P27,24,24,0,0,,100.0,0.0,True,True
5,N5P0,0,0,0,0,,0,0,True,True
5,N5P13,24,24,0,0,,100.0,0.0,True,True
5,N5P17,22,22,0,0,,100.0,0.0,True,True
5,N5P28,23,23,0,0,,100.0,0.0,True,True
5,N5P9,24,24,0,0,,100.0,0.0,True,True
5,N5P5,26,26,0,0,,100.0,0.0,True,True
5,N5P4,22,22,0,0,,100.0,0.0,True,True
5,N5P16,25,25,0,0,,100.0,0.0,True,True
5,N5P21,26,26,0,0,,100.0,0.0,True,True
5,N5P23,17,17,0,0,,100.0,0.0,True,True
5,N5P6,26,26,0,0,,100.0,0.0,True,True
5,N5P26,27,27,0,0,,100.0,0.0,True,True
5,N5P18,22,22,0,0,,100.0,0.0,True,True
5,N5P15,23,23,0,0,,100.0,0.0,True,True
5,N5P3,23,23,0,0,,100.0,0.0,True,True
5,N5P1,24,24,0,0,,100.0,0.0,True,True
5,N5P12,25,25,0,0,,100.0,0.0,True,True
5,N5P19,27,27,0,0,,100.0,0.0,True,True
5,N5P25,24,24,0,0,,100.0,0.0,True,True
5,N5P14,23,23,0,0,,100.0,0.0,True,True
5,N5P10,22,22,0,0,,100.0,0.0,True,True
5,N5P20,23,23,0,0,,100.0,0.0,True,True
5,N5P11,19,19,0,0,,100.0,0.0,True,True
5,N5P8,22,22,0,0,,100.0,0.0,True,True
5,N5P7,25,25,0,0,,100.0,0.0,True,True
5,N5P29,24,24,0,0,,100.0,0.0,True,True
5,N5P24,23,23,0,0,,100.0,0.0,True,True
5,N5P22,22,22,0,0,,100.0,0.0,True,True
5,N5P2,20,20,0,0,,100.0,0.0,True,True
